seller_id,business_segment,lead_type,lead_behaviour_profile,business_type,days_to_first_sale,deal_days
2c43fb513632d29b3b58df74816f1b06,pet,online_medium,cat,reseller,114.0,5.0
612170e34b97004b3ba37eae81836b4c,appliances,online_big,cat,reseller,5.0,63.0
ed8cb7b190ceb6067227478e48cf8dde,appliances,industry,wolf,manufacturer,16.0,267.0
1c742ac33582852aaf3bcfbf5893abcf,health_beauty,online_medium,,manufacturer,135.0,1.0
44ed138eca6214d572ce1d813fb0049b,health_beauty,offline,cat,manufacturer,112.0,4.0
87d73636a3acf123e842bb890a4db036,household_utilities,online_medium,eagle,manufacturer,93.0,188.0
b566ab0ef88016e00422755e305103c6,tools,online_big,cat,reseller,15.0,2.0
2d2322d842118867781fc737e96d59a1,household_utilities,online_medium,cat,reseller,16.0,37.0
9e7c5f4d7770eab65738cca38f9efccf,sports_leisure,online_medium,cat,reseller,52.0,5.0
df91910b6a03bb2e3358fa6a35e32f6f,food,online_medium,cat,manufacturer,74.0,7.0
249f0e9905a6e06ad6c6bea7547ab9f6,home_decor,online_medium,cat,manufacturer,44.0,2.0
b494891378bd8f4560abe576c52deacd,health_beauty,online_top,cat,reseller,9.0,26.0
7d13fca15225358621be4086e1eb0964,fashion_accessories,online_big,,reseller,6.0,17.0
e819bcfade7b5d88a27325eb6cfd62c5,home_decor,industry,,manufacturer,158.0,7.0
70c27847eca8195c983ed7e798c56743,pet,online_small,,reseller,53.0,23.0
556a6409838156ea299c9d1f9e2dde43,household_utilities,industry,shark,reseller,73.0,11.0
a4fc6eadaff1576af888509a53420f6a,electronics,online_beginner,cat,reseller,39.0,1.0
4fae87d32467e18eb46e4a76a0a0b9ce,appliances,online_medium,cat,reseller,29.0,187.0
8b181ee5518df84f18f4e1a43fe07923,health_beauty,online_medium,shark,reseller,35.0,34.0
d594982fd877af63ace38ea1fca27c76,electronics,industry,wolf,reseller,25.0,20.0
398cb257329ef7af7f1943a8974a3cbc,food,online_medium,cat,manufacturer,136.0,10.0
26e2c91ef821e1ff8985f408788fe35b,furniture,online_beginner,,manufacturer,15.0,33.0
dedcab67899479e4ea5dcc4eba47f587,car_accessories,online_medium,,reseller,27.0,119.0
ca4b77513ac2040591b0d8fae6958380,health_beauty,online_medium,cat,reseller,34.0,66.0
6e4a902d1054e4e17aa6eab87fac1c75,electronics,offline,wolf,reseller,49.0,56.0
2d42ebcda99fd55f6f4bc2f1ca035d50,home_decor,online_big,cat,reseller,76.0,45.0
04843805947f0fc584fc1969b6e50fe7,home_decor,online_big,cat,manufacturer,108.0,23.0
751e274377499a8503fd6243ad9c56f6,electronics,online_big,cat,reseller,21.0,145.0
2646baaf662d4d92ac48f047e35db92d,tools,online_medium,eagle,reseller,37.0,1.0
e433f5fd4050e3352b5d83522b7fe24b,tools,online_medium,cat,manufacturer,120.0,21.0
dc64d75cc406bb0697be983831430e60,electronics,online_small,cat,reseller,22.0,17.0
08d1c9478fb0d7d7fcac9c0da4e82fc7,home_decor,online_medium,wolf,manufacturer,46.0,16.0
ee2fbacc2fc3794e656cc4d933d59ce7,appliances,online_big,cat,reseller,80.0,37.0
7fc87cc3e89b3d1d5cabdca32f8485aa,furniture,offline,cat,manufacturer,63.0,5.0
134285d1f41da5c13a756ee8142c8a4e,car_accessories,online_big,cat,reseller,68.0,15.0
e9e446d01bd10a97a8ffcfc4a3a20cb2,health_beauty,online_medium,cat,reseller,39.0,23.0
6061155addc1e54b4cfb51c1c2a32ad8,pet,online_small,cat,reseller,34.0,22.0
bba8d0c234a52b87b3957037a215d1a4,home_decor,online_small,cat,manufacturer,70.0,8.0
044668ccd5316b12a7cf0d54a156e3e9,food,offline,,reseller,188.0,8.0
30a81d8cf85fb2ada1b1b094c9583a95,pet,online_top,,reseller,33.0,16.0
0ddefe3c7a032b91f4e25b9c3a08fca1,household_utilities,online_small,cat,reseller,62.0,3.0
6f835fd4be26989b1b064399da346143,electronics,online_medium,wolf,reseller,28.0,1.0
3e35a8bb43569389d3cebef0ce820f69,food,industry,,reseller,84.0,14.0
a7d0f8dd44f57ef6de7f7f02e3d82630,health_beauty,online_medium,cat,reseller,58.0,1.0
a663d9c3797e90eac99ff60939416a56,electronics,online_beginner,cat,reseller,18.0,9.0
a213f1bd6458f4a158f3746cb2514559,electronics,online_beginner,,reseller,34.0,97.0
a56e351445e5863fc8960640ba9190c7,home_decor,online_small,cat,reseller,39.0,5.0
fcdd820084f17e9982427971e4e9d47f,household_utilities,online_big,,manufacturer,19.0,13.0
131fcb0a0c9a47bba4474aacff0f14b7,appliances,online_medium,cat,reseller,44.0,4.0
3d5d0dc7073a299e31fa718ce1bc00b6,health_beauty,online_medium,cat,reseller,36.0,17.0
3492e68f37fd1df87f4f2f2ea247f445,car_accessories,online_medium,cat,reseller,87.0,0.0
ba143b05f0110f0dc71ad71b4466ce92,hobbies,online_big,cat,reseller,6.0,0.0
11fb6f6d341adbe19e81733701704635,home_decor,online_medium,wolf,reseller,52.0,27.0
ade45994b717ccee333492330fbf037b,electronics,online_big,cat,reseller,87.0,7.0
da6a60cc8cc724fe51be021ff8be779c,hobbies,online_big,cat,reseller,7.0,2.0
a69aa24cec11168e7e39a3fbc727e925,health_beauty,online_big,cat,reseller,44.0,55.0
6025c79c035c3d772133b8b8238463b2,car_accessories,online_medium,wolf,reseller,68.0,3.0
e1643dff33666ca629e3644c02738179,household_utilities,offline,eagle,reseller,58.0,6.0
cc63f0dd2acba93ffed4fe9f8e0321fa,furniture,online_beginner,eagle,reseller,16.0,6.0
bb2afe2061d53c6968aa0cffa233a8ec,sports_leisure,online_medium,cat,reseller,32.0,14.0
c8cc60ffd415254af5d9b9f34f32c369,pet,online_medium,cat,reseller,35.0,17.0
c1849d4d32d7a6cecd5aa471809d3135,gifts,offline,cat,manufacturer,78.0,7.0
4125d9385a25e82d2f72d3a0fd55bc3f,home_decor,online_medium,cat,reseller,118.0,6.0
5f5a58930c3c35f3b5af264f34fb8c85,appliances,online_medium,wolf,reseller,120.0,16.0
8fbd63429be6d3e5e6d1a709b6464802,car_accessories,industry,,reseller,84.0,18.0
b16d3dadc47d4eb18be3d88bad0775ce,sports_leisure,online_medium,cat,manufacturer,63.0,15.0
dd5450b022b2d00a2145a66331e1aef6,household_utilities,online_medium,wolf,reseller,129.0,4.0
845e8036c3f7bf62099352f5ed910240,furniture,online_big,cat,reseller,22.0,0.0
f049a72cf58fd31b11f8919cade515e7,electronics,online_beginner,cat,reseller,61.0,2.0
117cfc326c6d50da67ca858ff5c0c852,household_utilities,online_medium,wolf,reseller,33.0,9.0
f1fdf2d13186575751aa25876536d85c,sports_leisure,online_big,eagle,reseller,7.0,7.0
b64d51f0435e884e8de603b1655155ae,household_utilities,online_medium,,reseller,53.0,8.0
56e361f411e38dcef17cdc2a3d99628b,electronics,industry,cat,manufacturer,55.0,23.0
cac876b37d3abcd6bd76caca30277996,home_decor,online_big,,reseller,14.0,0.0
a414555ce331b8c8aea4a9cb8395194d,appliances,online_medium,,reseller,41.0,3.0
c54679b132454625907c773d273d4126,health_beauty,online_medium,,manufacturer,77.0,5.0
4a82168aaef173cbb6e46ae88728f919,health_beauty,online_big,wolf,reseller,71.0,127.0
d8d9567d0bfb0bc7eb845a205ba42657,hobbies,online_medium,wolf,reseller,47.0,2.0
3ab971ce71839580d2ae5b4e40fe8044,home_decor,online_big,cat,reseller,37.0,23.0
02f623a8eb246f3c5f7c2f96462654e6,sports_leisure,online_medium,eagle,reseller,6.0,2.0
6aa3928696eab49a19a466e665a649fd,health_beauty,online_medium,,reseller,30.0,5.0
539ed9e19811677513447759be5eccfc,home_decor,industry,cat,reseller,32.0,5.0
d7827b2af99326a03b0ed9c7a24db0d3,tools,online_big,cat,reseller,14.0,1.0
bd4431c1a8dfa744b59e1e2a8bc99b9e,health_beauty,offline,,reseller,69.0,23.0
4a1917ef994878940e1fb03eeb787ad7,electronics,industry,eagle,reseller,70.0,21.0
c0aff2da32c17759d30b22fb0af6649d,hobbies,online_medium,wolf,reseller,52.0,4.0
cb6c9f5888a7a090c75beaf615925792,tools,online_medium,eagle,reseller,9.0,1.0
59cea8e446d3834393058e7e0666b6fb,appliances,online_big,eagle,reseller,39.0,15.0
2cb98e27ce1c18abdb42209b34c382a7,car_accessories,online_beginner,cat,reseller,111.0,6.0
3289d8c3eef4873f91ce0b1343c0dd58,sports_leisure,online_small,cat,manufacturer,28.0,30.0
55c26bcb609f480eb7868594245febb5,baby,online_big,cat,reseller,38.0,41.0
5c3460cd3e8a984382ae254e7dd20d9f,baby,online_small,,reseller,44.0,44.0
0e72c1a751b496722a6cb1f10653b62a,hobbies,industry,wolf,reseller,59.0,17.0
ae7ab174effdead6c241e547e4ca13f0,household_utilities,online_medium,cat,manufacturer,67.0,76.0
1d953075c2f0dd990bacf27b83b330f1,electronics,online_medium,"cat, wolf",reseller,53.0,20.0
9261d76c62caaf0b24677c2ceb7f8f20,household_utilities,industry,cat,reseller,43.0,5.0
160851d3ece7aa1a510f8d1a4bb8a8af,tools,industry,cat,manufacturer,11.0,369.0
c004e5ea15737026cecaee0447e00b75,tools,offline,shark,reseller,132.0,4.0
7ff588a03c2aeae4fbd23f9ae64b760d,car_accessories,online_big,cat,reseller,15.0,28.0
880ce4951cf857ab1d9e0b75c1d856f4,car_accessories,industry,,reseller,13.0,1.0
9e6967d3cf386d284251784b18ccb485,tools,online_big,cat,reseller,61.0,9.0
e9c2dc0dd4ac38448289be644ac94f42,sports_leisure,online_medium,shark,reseller,14.0,148.0
964ff64dc05b13811c6d0f41e0aa5f6b,home_decor,online_big,shark,manufacturer,98.0,7.0
1cbdc7cf130a41fd13a3c2a7d2fcfda7,furniture,offline,eagle,reseller,51.0,16.0
271b8923c6a549e02d3c9fd1f8c0422b,household_utilities,offline,cat,reseller,60.0,35.0
44717f64ec2a457979cf83c429077666,gifts,online_medium,cat,reseller,118.0,1.0
31be790e64fc99f8ff48ec2bd18a3104,household_utilities,online_beginner,eagle,reseller,31.0,57.0
120476eb7a04c149d14772edaf5d9bf2,tools,online_big,wolf,reseller,18.0,328.0
94d76e96eedd976258cd3278ce56d5f2,tools,online_big,,manufacturer,90.0,2.0
377bc18334c78dd2f1535ef22a3ad225,car_accessories,online_big,cat,reseller,163.0,28.0
58f1a6197ed863543e0136bdedb3fce2,fashion_accessories,online_medium,eagle,reseller,72.0,6.0
65febd49fd28ec955651299159b1f527,household_utilities,online_big,,reseller,28.0,11.0
9b1585752613ec342d03bbab9997ec48,car_accessories,offline,cat,reseller,87.0,2.0
cbf09e831b0c11f6f23ffb51004db972,household_utilities,online_top,cat,reseller,22.0,4.0
4f0d637c1197fd65405ebd755ac9f86b,health_beauty,online_medium,cat,reseller,84.0,12.0
dbdd0ec73a4817971d962698f2fea022,health_beauty,online_big,,manufacturer,88.0,9.0
caa9bc43a9fe8cf9c564ddd8a03cc4a6,toys,online_medium,cat,reseller,19.0,1.0
fe87f472055fbcf1d7e691c00b1560dc,home_decor,online_medium,,reseller,104.0,5.0
da4d149c0ddbac90557103ac0a0ec356,sports_leisure,online_medium,,reseller,220.0,4.0
693660429f9dc4ff704eb3d88dad54d7,electronics,online_medium,wolf,reseller,58.0,74.0
7d7866a99a8656a42c7ff6352a433410,household_utilities,offline,cat,reseller,35.0,20.0
657969cca82e884d272385ec0ef06edd,fashion_accessories,industry,,reseller,83.0,13.0
dda37071807e404c5bb2a1590c66326f,bags_backpacks,online_small,eagle,manufacturer,28.0,10.0
671585f5a2af58b6e276bc01003c0d2b,household_utilities,online_medium,,manufacturer,39.0,163.0
4a1f694197d05fe70026b016a7316b41,home_decor,online_medium,,reseller,14.0,23.0
3d3ccf2b2f8134b10dce9dd446f0e075,home_decor,online_medium,cat,reseller,56.0,6.0
2cb6eb1b7185064167657fa09f541105,home_decor,online_medium,,manufacturer,36.0,7.0
c84592044b180dec206770c38603814b,electronics,online_medium,,reseller,28.0,15.0
c3e1abd72a42fe690fcd89cf5720fe29,pet,online_big,eagle,reseller,25.0,11.0
4d0041cdbe51b4617d95c70b19decc74,car_accessories,industry,eagle,reseller,20.0,0.0
2fa13c8bd5705d279f7ed5cc9ec61c68,health_beauty,online_medium,,reseller,92.0,6.0
18e694e0e48ed6f7aa3f24aade5fd697,electronics,online_medium,wolf,reseller,70.0,25.0
fd435faa3c0422b60440ea3480d0e77c,hobbies,online_big,eagle,reseller,24.0,126.0
7816cd9c5b1238e320545f5bf7eb80e8,tools,online_big,cat,reseller,10.0,5.0
c963a25b8671419c6ce9eebe8fd03218,home_decor,online_medium,cat,manufacturer,48.0,9.0
2aafae69bf4c41fbd94053d9413e87ee,stationery,online_medium,cat,manufacturer,35.0,16.0
d66c11a9572221d92fbb8c4897db5f9b,household_utilities,industry,cat,manufacturer,70.0,6.0
01fd077212124329bac32490e8ef80d9,household_utilities,online_medium,cat,reseller,18.0,0.0
9d213f303afae4983637247556438ede,furniture,online_big,cat,reseller,63.0,28.0
8c9348f33ae3dada25c99c99ade2af78,tools,online_small,cat,reseller,54.0,174.0
f1b854361f4e15d5851b494df66f22b2,pet,online_big,cat,manufacturer,4.0,3.0
c8665a4dd081a2c436b1cd921079d0d9,car_accessories,online_medium,wolf,reseller,38.0,0.0
138dbe45fc62f1e244378131a6801526,household_utilities,online_medium,eagle,reseller,12.0,0.0
eb72802c83dc7547529c9546d1a9b8ef,health_beauty,online_medium,wolf,reseller,7.0,2.0
b67d6c666e8dce1d078c882825e12704,sports_leisure,online_medium,eagle,reseller,76.0,1.0
980640c45d7a4635885491d077167e4d,bags_backpacks,online_medium,cat,reseller,41.0,2.0
dc7192adf8ba09569261f4a8d576afe0,household_utilities,online_medium,cat,reseller,72.0,3.0
ffad1e7127fb622cb64a900751590acd,home_decor,online_medium,,manufacturer,38.0,1.0
7b98de631987e26dd6d803490c43a13c,tools,industry,cat,manufacturer,14.0,47.0
70bf57d811208f8923b41bbd499a67a4,appliances,online_medium,cat,reseller,18.0,14.0
bc8c8d665ec4664d286be0d521722b19,food,online_medium,wolf,reseller,110.0,101.0
a63bfbaa882c8f4542891b4e2246cc7f,health_beauty,online_big,cat,reseller,18.0,2.0
33d677f27a69b84051204ee4ae76eaca,food,offline,,reseller,68.0,2.0
8a8835a43bda99fd37310ad76c457510,car_accessories,online_big,cat,reseller,61.0,30.0
0873d9f8f36123f8d910f4760e788cfb,electronics,online_medium,cat,reseller,41.0,12.0
59bbc819b99a733f02f0d6b49d1c253d,car_accessories,online_medium,,reseller,92.0,0.0
61b18775be84fb700a6b2d0ba097bf66,pet,industry,eagle,reseller,48.0,1.0
761681a821d8275bc79f552116d06869,home_decor,online_big,,reseller,98.0,4.0
1a8e2d9c38b84a9702ac7922924b0573,household_utilities,industry,,manufacturer,14.0,10.0
c32fc744b9160ac853450488e3cfea93,food,online_medium,cat,reseller,13.0,7.0
165b1235e9e9942cb5fae67103576fb0,home_decor,online_big,cat,reseller,19.0,194.0
9803a40e82e45418ab7fb84091af5231,electronics,online_big,cat,reseller,70.0,9.0
ec8463980a4e0ea9f8517aea1ed0c419,home_decor,online_medium,shark,manufacturer,97.0,3.0
f9eda05b67bef472deaddbba84aca289,fashion_accessories,offline,eagle,reseller,90.0,9.0
ffa6adafb71b807dc13159e26431354c,car_accessories,online_big,eagle,manufacturer,24.0,6.0
447d377bdb757058acb569025ee18a93,toys,online_medium,,reseller,7.0,3.0
1f7dfad2cb384ea4d2d7e1ffbd78c407,toys,industry,cat,manufacturer,15.0,1.0
8de8fe3af4449ed695d2434c933ed73e,appliances,online_medium,shark,reseller,57.0,46.0
db2956745b3a8e9f3785c99f34b5d25e,electronics,online_medium,cat,manufacturer,22.0,9.0
c5f7e746b7e6d07def6c0dae9903279b,pet,industry,,reseller,45.0,48.0
4bfc7a4a1cf8d4d2121c27422d9e50b5,home_decor,online_big,cat,reseller,19.0,9.0
bec568278124768c474ee90971ca94d1,home_decor,online_beginner,cat,reseller,12.0,7.0
762fafdaa57a532ee0119731697579dd,toys,online_beginner,cat,reseller,99.0,2.0
d263fa444c1504a75cbca5cc465f592a,gifts,offline,,reseller,116.0,73.0
3f9be91358837bff69df67edfa3e42e8,pet,online_medium,cat,reseller,28.0,10.0
4867209cb29b56b92893d7bde3ce8012,health_beauty,online_small,,manufacturer,138.0,18.0
d4ffeb15b67e81ff9af2b4252d99fb7e,bags_backpacks,online_medium,cat,reseller,22.0,3.0
5e9f5bd34e0830569f05c9d4f56e04a8,bags_backpacks,online_medium,eagle,manufacturer,106.0,26.0
d8bf0fc082fd4a77fc2e5679b6c00133,tools,online_medium,wolf,reseller,105.0,2.0
8a432f4e5b471f8da497d7dc517666e2,furniture,online_big,cat,reseller,23.0,13.0
03a2a6dcbe45d639c4dc2a0d24769c40,tools,online_beginner,,reseller,31.0,4.0
6a38087bc8ad4f89ff453561005f6dea,electronics,online_big,cat,reseller,7.0,0.0
d9a84e1403de8da0c3aa531d6d108ba6,toys,online_medium,,reseller,23.0,10.0
f12d3c2a14729ae461b920c11fe20fdc,home_decor,online_big,,reseller,90.0,22.0
a8739afb32aaa45e01815ca76f76f54b,car_accessories,online_big,eagle,reseller,99.0,13.0
5bf397d04035b5f45cc41e82ec106803,household_utilities,offline,cat,reseller,56.0,0.0
d1ef48b38baca7e831711c4a0aeb398f,tools,online_medium,,reseller,7.0,16.0
e5cbe890e679490127e9a390b46bbd20,food,online_top,eagle,manufacturer,47.0,7.0
723cd880edaacdb998898b67c8f9da30,furniture,online_medium,,reseller,17.0,23.0
36f98ad67cc981f50ce8aed093d5783c,electronics,online_small,eagle,reseller,70.0,12.0
83c465a786b06574376909b35ef6752a,gifts,offline,eagle,,63.0,4.0
6c99c983ce3b6ba0ab813e6790e81691,toys,online_small,cat,reseller,45.0,5.0
5e105f5c9f63f5f1fd75d6cb942e55b1,home_decor,online_medium,,manufacturer,110.0,25.0
bdae679a9b282249bc23b9b69dae9a99,tools,online_medium,,reseller,20.0,4.0
52a50b42accf164f9f019941e5759d9b,food,online_small,eagle,manufacturer,90.0,13.0
da7039f29f90ce5b4846ffc0fcc93beb,electronics,online_medium,cat,reseller,56.0,2.0
f22a247b79dd22ecd91dc8e3b2a1b07c,health_beauty,online_medium,cat,manufacturer,14.0,54.0
bb7ad8a45c027be8ab075b8e465f8ca0,household_utilities,industry,cat,manufacturer,62.0,75.0
1cbd32d00d01bb8087a5eb088612fd9c,health_beauty,online_big,cat,reseller,9.0,13.0
ffc470761de7d0232558ba5e786e57b7,tools,online_big,,reseller,6.0,30.0
07de60b03d150fb3ea09eab5da5e4c8b,furniture,industry,,manufacturer,7.0,0.0
86ff3eaef0267069cc891a2ed9d10a17,sports_leisure,online_medium,cat,reseller,18.0,5.0
299c89a525fee36c567f4fe72f038100,electronics,online_big,,manufacturer,123.0,22.0
3ea08c48e851106d2f584349daba335f,baby,online_medium,cat,manufacturer,55.0,84.0
2d34636518ba88f5349b732fcf8ba2e4,electronics,industry,,reseller,70.0,14.0
e8dba4d70f7f2b20e775d09cae01142d,bags_backpacks,online_big,cat,reseller,15.0,2.0
bbe87dce25ba8b38bb61cc7210a3f10b,tools,online_big,cat,reseller,49.0,3.0
94165aea8a35c3c21499cbcae239b16c,car_accessories,online_medium,eagle,reseller,83.0,22.0
3d2531eccfbde1d7c8db7a3a12fb267a,hobbies,online_medium,,reseller,46.0,63.0
184725737946a1a938bbbd1a9e978103,fashion_accessories,online_big,cat,reseller,114.0,0.0
2ba91c7ad80ff88b23b7db823b43c233,pet,,,reseller,76.0,32.0
bf0d50a6410d487dc97d2baac0a8c0be,home_decor,online_medium,cat,manufacturer,29.0,20.0
9da15f4a4ea758d9eeb49000dbe57e22,home_decor,online_medium,wolf,reseller,145.0,8.0
0a85ebe4e328db81ac9109781205e2f7,home_decor,online_medium,eagle,manufacturer,57.0,16.0
7f5e4d5efad7e44b91115dd1decb65f3,electronics,online_medium,,reseller,27.0,98.0
1b4b28463457a256e9a784ebe2a8f630,car_accessories,online_medium,cat,reseller,107.0,5.0
42fa4ee7240e9b8eb4576358ec142ba7,household_utilities,online_medium,,reseller,5.0,7.0
89a51f50b8095ea78d5768f34c13a76f,health_beauty,online_small,,reseller,13.0,223.0
f9ec7093df3a7b346b7bcf7864069ca3,appliances,online_medium,cat,reseller,54.0,3.0
7238a95bb63ef7e498389fb863b834a1,tools,online_big,cat,manufacturer,33.0,55.0
850913d59ce317156b00f3705f1c3edb,electronics,online_medium,,reseller,26.0,2.0
e1c76f339ebd5460999f25a2aa8c92c5,appliances,online_medium,,,93.0,10.0
72c38a04bd6a1c3dbc5298425a0db86d,electronics,online_beginner,cat,reseller,68.0,3.0
57df9869a600bd6b7c405f2a862eccfb,household_utilities,online_medium,,manufacturer,86.0,8.0
4e480be820e37de1444325ff358c9296,car_accessories,online_big,cat,reseller,42.0,5.0
ce4755084bc097113867e6454f8f5e52,health_beauty,industry,cat,manufacturer,34.0,1.0
ca7c6bd577e559472af1c699de9e764e,health_beauty,online_medium,cat,reseller,6.0,27.0
13511db12ac61e2f89c53b72a944a60b,car_accessories,online_big,wolf,manufacturer,61.0,7.0
d3dcf0604eabf0224fbd5948b5e02f69,hobbies,online_medium,,reseller,12.0,21.0
7ade73f1b9b4e965f9009a4c3a7e2c15,household_utilities,online_medium,eagle,manufacturer,22.0,11.0
87d3c3aeb3ead335511b3ce315eb341e,toys,offline,cat,reseller,30.0,5.0
ae45df84722b1d15c5f32b23a095746c,health_beauty,online_small,,reseller,23.0,6.0
cad9969167c09b48ae6f1d123f7fa68d,home_decor,online_small,,reseller,166.0,15.0
85044848b1b767db2a4a58526adef4b4,electronics,offline,,reseller,60.0,11.0
9c1c0c36cd23c20897e473901a8fb149,food,online_medium,cat,reseller,59.0,19.0
ce20a2ec1514c25e16f2b5b39bc818f0,pet,online_medium,,reseller,115.0,5.0
cad10cc982ab6a391570c211b995c17c,pet,online_medium,wolf,reseller,41.0,36.0
7d7d2b7a51328016102d4528c411d630,home_decor,offline,cat,reseller,24.0,19.0
651530bf5c607240ccdd89a30c9c9712,bags_backpacks,industry,wolf,manufacturer,43.0,58.0
5670f4db5b62c43d542e1b2d56b0cf7c,health_beauty,online_big,eagle,reseller,28.0,6.0
929f342384a6607afe143d789ade1316,tools,online_small,cat,reseller,70.0,5.0
4c18691b6037662be2df78a765d98ab5,household_utilities,online_small,,reseller,34.0,5.0
aa2640d851ec322526f1295bbeb20092,home_decor,online_medium,,reseller,90.0,9.0
19d62d484cba71963c93f0f00ab42013,home_decor,online_top,cat,manufacturer,42.0,5.0
5b0cc932433fa5184b5b94bfe6bcc256,home_decor,online_medium,eagle,manufacturer,34.0,14.0
cd2169d9f31ff6fbb9ca3373b0c9e354,electronics,online_medium,cat,reseller,52.0,80.0
9aa388272ee334b6ae07bc73706e254a,furniture,online_medium,,manufacturer,39.0,11.0
1fe5540d7c1c37a595fefbacd5570d9e,electronics,online_medium,eagle,reseller,13.0,267.0
bce6a5ecf98e99fd2a8868b15c51f04b,fashion_accessories,online_medium,cat,reseller,50.0,1.0
902c99f1ac505c0d18778b61bcd636f7,gifts,online_medium,cat,reseller,5.0,109.0
2e7ea2aafec5835e781b21d6d1faf1f1,health_beauty,online_medium,cat,reseller,45.0,88.0
b3809b8d4394588a47c8470ea331e135,electronics,online_medium,cat,reseller,87.0,4.0
674207551483fec113276b67b0d871ff,household_utilities,online_medium,wolf,manufacturer,97.0,8.0
455befea1bb853c75ccbca94cff26e5c,electronics,offline,cat,,49.0,2.0
dace965ca58120f92f8d742a9fa1864b,health_beauty,online_beginner,,reseller,54.0,10.0
ea4e9ce63a2134743b4a92777437fcdd,electronics,online_medium,cat,manufacturer,27.0,11.0
48e954b2da4f6a750c844173b347ed40,food,online_small,,reseller,53.0,37.0
28c7d8743fbc8679f484868cc0fcaefb,health_beauty,offline,wolf,reseller,42.0,29.0
186cdd1b2df32caa72cfb410bba768d3,household_utilities,online_small,wolf,reseller,70.0,17.0
fac1a9017ade7bdc94058fc1c969f355,electronics,online_medium,wolf,reseller,15.0,24.0
269c5fc9fcadee614364c3620c30a1f9,bags_backpacks,offline,wolf,reseller,40.0,62.0
516e7738bd8f735ac19a010ee5450d8d,health_beauty,online_small,cat,reseller,3.0,6.0
788e857f317e53de488d393e65a80f45,bags_backpacks,online_medium,wolf,manufacturer,53.0,2.0
74636e24f01da9268b0ed88dacd8513e,toys,online_medium,cat,reseller,55.0,48.0
2039c5e51785b5dde7cf93ccb3b7be2c,electronics,online_beginner,wolf,reseller,31.0,130.0
9ac4f14370b1e24ddc58be041b7f99df,bags_backpacks,online_medium,,manufacturer,25.0,22.0
a11a0e0ca67423425691db355cff69b0,car_accessories,online_medium,cat,manufacturer,88.0,0.0
89757206b887aed36f3e18d858460fea,bags_backpacks,online_medium,wolf,reseller,64.0,5.0
6bd503a8230299c9316fb0f726933927,health_beauty,online_big,wolf,reseller,52.0,100.0
3903c788ded8dc03b5ebab37a2f3e9a1,household_utilities,online_big,wolf,reseller,49.0,4.0
094ced053e257ae8cae57205592d6712,health_beauty,online_medium,cat,reseller,22.0,11.0
54583ab379489add547fe47b628db589,baby,online_medium,cat,reseller,54.0,162.0
c092292535a57dacd95a8765f5518f87,tools,online_medium,cat,reseller,101.0,0.0
c70c1b0d8ca86052f45a432a38b73958,health_beauty,online_medium,shark,reseller,23.0,0.0
a53f60f05f822b5c621a50ff6a5cb362,home_decor,online_big,wolf,manufacturer,81.0,7.0
88ef59b51bdaa941d10a853429f2b6ce,electronics,online_medium,cat,reseller,78.0,2.0
7d81e74a4755b552267cd5e081563028,tools,industry,cat,manufacturer,98.0,45.0
9b1f656ca3060f8af17a50d8a024b533,tools,online_medium,eagle,reseller,71.0,1.0
77a515caa36327151d1cc6c32a9f00e1,stationery,industry,cat,manufacturer,13.0,11.0
ba90964cff9b9e0e6f32b23b82465f7b,appliances,,cat,reseller,15.0,10.0
43402bdf22aa2310e8f99e2f94f78628,furniture,industry,cat,manufacturer,39.0,8.0
28f10b1c5e5abb9d4857745bede6147c,electronics,online_big,cat,reseller,17.0,1.0
1961c3e1272bfeceb05d0b78b5bbfdaf,hobbies,online_medium,"eagle, cat",reseller,51.0,41.0
7adbd3210a7b3cc2235e225eef33574d,household_utilities,online_medium,cat,reseller,85.0,2.0
33cbbec1e7e1044aaf11d152172c776f,household_utilities,online_big,,reseller,29.0,31.0
97e50a621f8e801f4baf69e08687c192,toys,online_small,,reseller,12.0,90.0
f0ec78809fe0bc3edb11c9fe5b97b059,household_utilities,online_medium,cat,reseller,82.0,60.0
6ebf4eceee4dd9847201c82e77ef8123,health_beauty,online_beginner,cat,reseller,8.0,7.0
594f9aaa48e5bf431f011ddc5669b0d5,bags_backpacks,online_medium,cat,reseller,19.0,3.0
e504a4e2efaa45cbff7e268a2c58c956,home_decor,industry,wolf,manufacturer,46.0,79.0
6b90f847357d8981edd79a1eb1bf0acb,tools,online_medium,cat,reseller,20.0,1.0
5a4236931428800e9d9cc04af0987118,household_utilities,online_medium,cat,reseller,40.0,17.0
2c2c9832d1bb38c5b0034a3b47d313ee,health_beauty,industry,cat,manufacturer,104.0,3.0
d63f306de130e0391d38a792541723b8,car_accessories,online_medium,cat,reseller,116.0,12.0
596849622429351f47b32e6cae1055ff,electronics,online_medium,cat,reseller,49.0,81.0
9140ef75cc8211c4035935e80e567204,pet,industry,eagle,manufacturer,58.0,8.0
985c92cc412091f8529c12d7f23d3fef,health_beauty,offline,eagle,reseller,16.0,0.0
c7bb64409aa480bb7d0335faaaf3d242,car_accessories,online_big,cat,reseller,72.0,2.0
1e26c56af8d48424e1df0140a2401f83,tools,offline,cat,reseller,107.0,5.0
daf565f087a52def0fd5c5825b3661bc,home_decor,online_big,cat,reseller,82.0,7.0
9c7fd21e0aa159b20da593371f08ff7c,electronics,online_medium,cat,reseller,25.0,2.0
508808d438fe2ff972ed13bb8f4a82e2,home_decor,online_big,cat,reseller,11.0,117.0
41da412d33e8da4f22baf55cb1bde82c,food,industry,,manufacturer,44.0,20.0
cfe94489ddd337d1e29e12f2a7205d10,tools,online_medium,,reseller,37.0,13.0
c611f4ce9ce875bcc063fa97fd4d7d12,tools,online_medium,cat,manufacturer,133.0,4.0
189ca3538ce9f920cacf0f982cbe223b,stationery,online_medium,cat,manufacturer,52.0,14.0
382229d1e840115ffe3dbf5ff460e417,household_utilities,online_big,shark,reseller,18.0,5.0
5bc24d989e71e93c33e50a7782431b0e,car_accessories,online_medium,cat,manufacturer,42.0,4.0
5e063e85d44b0f5c3e6ec3131103a57e,health_beauty,online_big,cat,reseller,127.0,-2.0
698f5fa55a5f73d0740e9d9a773e8093,health_beauty,offline,eagle,reseller,89.0,1.0
e1dc0754bada9ee4cfe9713f22f61292,toys,online_medium,eagle,reseller,102.0,0.0
e58a5b390e28abc0b216cfb0e07d27d7,bags_backpacks,online_medium,,reseller,96.0,8.0
aae5e7b457a3c72ee230a47d98fceda5,furniture,industry,,manufacturer,78.0,41.0
dfa0c4c6229ab200a4a1336b4d7128ff,home_decor,online_medium,eagle,reseller,11.0,10.0
53088c75f948b48a7ece173ac17f0c12,health_beauty,offline,eagle,reseller,13.0,42.0
05e107217c7266362fd44b75b2cd4cc4,stationery,online_medium,wolf,reseller,44.0,49.0
c510bc1718f0f2961eaa42a23330681a,baby,online_big,eagle,reseller,6.0,1.0
4c1c7281388a33dd06daac44f9fadbd1,stationery,online_medium,cat,reseller,26.0,3.0
85ecf03781da592876b7844acc1b729f,health_beauty,online_medium,cat,reseller,80.0,13.0
968268a686aa05d1f529fb07dff08130,stationery,online_big,,reseller,4.0,9.0
e250d617a0ad591ba9bd663e584a895d,home_decor,online_beginner,,manufacturer,43.0,13.0
7c51de0ab286204ce75ff42bf7c10d92,food,online_medium,,reseller,130.0,34.0
6a53b90c3ad9e0b56d9fe5c69165fff5,fashion_accessories,online_medium,cat,manufacturer,7.0,9.0
11742f81550ac064cc9a40f67151d9ad,appliances,online_medium,wolf,reseller,63.0,4.0
e94b64dc6979b302a5a5be1662c83bb6,home_decor,online_medium,eagle,reseller,58.0,9.0
1444c08e64d55fb3c25f0f09c07ffcf2,car_accessories,online_beginner,,reseller,81.0,43.0
5f57db27027655e6c6a391601daa0258,household_utilities,online_medium,,reseller,186.0,2.0
eb9267cccc90f1b49c8d2f9887c7dd97,sports_leisure,online_medium,cat,reseller,16.0,8.0
ce616e1913288884e7742faac9d981db,tools,online_big,cat,manufacturer,12.0,11.0
88cf19ec1fc2c58f161aee259d57142c,household_utilities,online_big,cat,reseller,23.0,15.0
0b1ca3ef18a63d7eb0c8897fa0849c08,health_beauty,industry,,manufacturer,73.0,12.0
f3c38ab652836d21de61fb8314b69182,electronics,online_small,cat,reseller,15.0,9.0
d598f929fc44e1e38678e7f47250ec04,car_accessories,industry,cat,reseller,62.0,46.0
34f563c82a85b99ae9e6d60db5fc2e28,electronics,online_medium,eagle,reseller,8.0,1.0
a7a9b880c49781da66651ccf4ba9ac38,furniture,offline,cat,reseller,21.0,35.0
28872dc528e978a639754bc8c2ce5a4c,household_utilities,online_medium,cat,manufacturer,33.0,29.0
64c9a1db4e73e19aaafd3286dc448c96,household_utilities,online_medium,cat,reseller,10.0,97.0
271c58a1d139c45eaf3316107c6d3a3b,bags_backpacks,online_beginner,cat,reseller,20.0,47.0
6548c2550b6e2d8f18053216e1c7b6f3,household_utilities,online_medium,cat,manufacturer,64.0,5.0
41b14765bd56c8ad10971074380f9c0c,electronics,industry,,reseller,33.0,9.0
6eeed17989b0ae47c9f11ece6f38ea90,car_accessories,online_medium,eagle,reseller,66.0,165.0
99cd94252748d2bdde08e17858233602,pet,online_medium,shark,reseller,42.0,2.0
6f83d9e4da896daae20b9b6b2d3ff8d2,household_utilities,industry,eagle,reseller,8.0,1.0
dc50afafdfa325eadc890c7fa42a8f4e,electronics,online_big,cat,reseller,55.0,0.0
af3ef48d0e13835e529c29ac573c63e5,pet,online_top,cat,manufacturer,6.0,0.0
535bf14f36346c7f59d87cece104d70c,home_decor,online_medium,wolf,manufacturer,12.0,341.0
5dc203c7b84a0e71e878a179de05fb9a,tools,industry,eagle,reseller,83.0,5.0
88cd3681e0a2ba85e190f7d817629c4c,car_accessories,online_big,eagle,reseller,37.0,237.0
b586cd24c010a13916af621b0325fbba,home_decor,online_beginner,cat,reseller,24.0,1.0
d566c37fa119d5e66c4e9052e83ee4ea,sports_leisure,online_big,cat,reseller,15.0,33.0
e116c7455dd26a4d8c3e92532583905f,health_beauty,online_big,,reseller,73.0,10.0
bf00385a5f7fc1ef39a13c2e9ee50a5f,electronics,online_big,cat,reseller,14.0,134.0
623ad9d0c1e14bb5464a8c72bff7b4af,household_utilities,online_big,wolf,manufacturer,75.0,13.0
fadb07c842a2aef5d5a676b85f220e71,sports_leisure,online_medium,wolf,reseller,55.0,4.0
a64e44665225d19dfc0277eeeaaccc57,food,online_medium,cat,manufacturer,38.0,12.0
6b3bd31ad8fcda4b2635ec9f3ff2ecdf,food,online_small,,reseller,10.0,50.0
213fafb0ca06fb3d5886579c2565791b,electronics,online_big,cat,reseller,27.0,9.0
e0a3c37054ade6478d923a6efc10f308,baby,online_beginner,cat,manufacturer,40.0,102.0
8fb67a334bacec338885b4e9e1708073,home_decor,online_medium,cat,manufacturer,79.0,3.0
4a23adac87cf538689fa600d976f78b2,health_beauty,industry,wolf,manufacturer,29.0,162.0
76ea5315acb3f5f7ade3cd261faf922a,car_accessories,online_big,cat,reseller,23.0,8.0
f88adb15807168d3c43d71021090ce4a,gifts,online_medium,cat,reseller,31.0,41.0
54c04bdb5ec46762f8f08c7e8f86ed4a,food,online_medium,,reseller,10.0,2.0
8476243f92442881ddd5b578975cf115,electronics,online_big,,reseller,65.0,4.0
09bad886111255c5b5030314fc7f1a4a,gifts,offline,,reseller,103.0,84.0
01266d4c46afa519678d16a8b683d325,tools,online_small,cat,reseller,75.0,11.0
9cf787a239c1aa29dbd76f153dc13f9a,fashion_accessories,online_medium,,reseller,132.0,14.0
1a932caad4f9d804097d7f8e615baed1,tools,industry,eagle,reseller,72.0,4.0
0cab2da43793a6f3c5ed8514c5f54627,bags_backpacks,offline,cat,reseller,35.0,24.0
7210cd29727d674c00741e5e387b3ccd,car_accessories,online_medium,cat,reseller,53.0,15.0
05a48cc8859962767935ab9087417fbb,fashion_accessories,online_beginner,cat,reseller,64.0,9.0
9d681c7e12db302cb261e721040dde65,sports_leisure,online_small,cat,reseller,17.0,0.0
4eeb99008a0f59d2c7759c59f9a346eb,electronics,online_medium,eagle,reseller,17.0,2.0
c013e57c075a06e5b5c48ee03c525719,pet,online_medium,,reseller,25.0,20.0
b9ec22de23f18567de0e09d776ca0309,stationery,online_medium,cat,reseller,76.0,1.0
f46490624488d3ff7ce78613913a7711,health_beauty,online_big,eagle,reseller,6.0,42.0
7c9130f5f3729edd32aa059141d92484,electronics,,,reseller,43.0,14.0
33dd941c27854f7625b968cc6195a552,household_utilities,online_medium,cat,reseller,60.0,1.0
c70a353f02429c00775a46a75fb787da,health_beauty,online_medium,cat,reseller,89.0,12.0
4fe2f67634d00c021aa01f96b6f2d68e,food,online_small,cat,reseller,65.0,124.0
